{
  "data_pipeline": {
    "1. Raw (Unified)": 9480,
    "2. Cleaned": 6529,
    "3. Augmented": 243,
    "4. Total (Cleaned + Aug)": 6772
  },
  "final_datasets": {
    "sft_mix": 6772,
    "dpo_pairs": 4225,
    "eval_set": 1305
  },
  "model_metrics": {
    "text_classifier": {
      "auc": 0.9962127074803131,
      "f1": 0.9769911504424779,
      "precision": 0.989247311827957,
      "recall": 0.965034965034965,
      "accuracy": 0.9712177121771217
    },
    "multimodal_classifier": {
      "auc": 0.9497802666816751,
      "f1": 0.9448732083792724,
      "precision": 0.8964435146443515,
      "recall": 0.9988344988344988,
      "accuracy": 0.9261992619926199
    }
  }
}